{
  "cols": 10,
  "data": {
    "point-0": [
      0.9251700639724731,
      0.0,
      0.5020408034324646,
      0.5421769022941589,
      0.738095223903656,
      0.636904776096344,
      0.5421769022941589,
      0.4968416094779968,
      0.4649174213409424,
      0.4607482850551605
    ],
    "point-1": [
      0.3344387710094452,
      0.539071261882782,
      0.7399417161941528,
      0.7843536734580994,
      0.646258533000946,
      0.5501700043678284,
      0.4669581651687622,
      0.3551020622253418,
      0.3503401279449463,
      0.4607482850551605
    ],
    "point-10": [
      0.3660619854927063,
      0.9897959232330322,
      0.15646257996559143,
      0.027210883796215057,
      0.8775510191917419,
      0.21088434755802155,
      0.21088434755802155,
      0.8469387888908386,
      0.23687073588371277,
      0.08000001311302185
    ],
    "point-11": [
      1.0,
      0.0,
      0.7414966225624084,
      0.07823128998279572,
      0.2886621356010437,
      0.323129266500473,
      0.30918365716934204,
      0.9931972622871399,
      0.8639456033706665,
      0.08000001311302185
    ],
    "point-12": [
      0.3469387888908386,
      0.0,
      0.7414966225624084,
      0.07823128998279572,
      0.8265306353569031,
      0.45068031549453735,
      0.30918365716934204,
      0.9931972622871399,
      0.8639456033706665,
      0.08000001311302185
    ],
    "point-13": [
      0.3469387888908386,
      0.0,
      0.7414966225624084,
      0.07823128998279572,
      0.8265306353569031,
      0.45068031549453735,
      0.30918365716934204,
      0.9931972622871399,
      0.8639456033706665,
      0.08000001311302185
    ],
    "point-2": [
      0.6877551078796387,
      0.32351794838905334,
      0.05595238134264946,
      0.11088434606790543,
      0.15597666800022125,
      0.18948671221733093,
      0.2412349432706833,
      0.35782310366630554,
      0.3707483112812042,
      0.4607482850551605
    ],
    "point-3": [
      0.6877551078796387,
      0.8673469424247742,
      0.819727897644043,
      0.7019436359405518,
      0.7663265466690063,
      0.8167044520378113,
      0.8496598601341248,
      0.8571428656578064,
      0.3707483112812042,
      0.4607482850551605
    ],
    "point-4": [
      0.29931971430778503,
      0.42188701033592224,
      0.45130568742752075,
      0.47162294387817383,
      0.49044379591941833,
      0.517148494720459,
      0.5531584024429321,
      0.6206348538398743,
      0.7129251956939697,
      0.738095223903656
    ],
    "point-5": [
      0.8639456033706665,
      0.25850340723991394,
      0.426530659198761,
      0.9489796161651611,
      0.8809523582458496,
      0.7755100727081299,
      0.6530612111091614,
      0.6530612111091614,
      0.6574829816818237,
      0.31496599316596985
    ],
    "point-6": [
      0.21088434755802155,
      0.8673469424247742,
      0.23863942921161652,
      0.190476194024086,
      0.19160997867584229,
      0.20952381193637848,
      0.2380952388048172,
      0.2448979616165161,
      1.0,
      0.08000001311302185
    ],
    "point-7": [
      0.21088434755802155,
      0.8673469424247742,
      1.0,
      0.442176878452301,
      0.4931972920894623,
      0.9591836929321289,
      0.5204081535339355,
      0.21088434755802155,
      1.0,
      0.08000001311302185
    ],
    "point-8": [
      0.3660619854927063,
      0.4412516951560974,
      0.8299319744110107,
      0.49659863114356995,
      0.5136054158210754,
      0.5192743539810181,
      0.5857142806053162,
      0.678911566734314,
      0.2210884392261505,
      0.08000001311302185
    ],
    "point-9": [
      0.3660619854927063,
      0.4412516951560974,
      0.15026454627513885,
      0.14625850319862366,
      0.8061224222183228,
      0.7993197441101074,
      0.5836734771728516,
      0.5417233109474182,
      0.5408163070678711,
      0.08000001311302185
    ]
  }
}
