{
  "cols": 2,
  "data": {
    "point-0": [
      0.0,
      0.0
    ],
    "point-1": [
      0.8992805480957031,
      0.7841726541519165
    ],
    "point-10": [
      0.6726618409156799,
      0.20143884420394897
    ],
    "point-11": [
      0.7446042895317078,
      1.0
    ],
    "point-12": [
      0.9676259160041809,
      0.3201438784599304
    ],
    "point-13": [
      0.9676259160041809,
      0.3201438784599304
    ],
    "point-2": [
      0.8741007447242737,
      0.38129496574401855
    ],
    "point-3": [
      0.21223022043704987,
      0.8165467381477356
    ],
    "point-4": [
      0.4892086386680603,
      0.050359711050987244
    ],
    "point-5": [
      0.5575539469718933,
      0.7913669347763062
    ],
    "point-6": [
      0.3992805778980255,
      0.38129496574401855
    ],
    "point-7": [
      0.7374100685119629,
      0.26978418231010437
    ],
    "point-8": [
      0.07194244861602783,
      0.5071942210197449
    ],
    "point-9": [
      0.9928057789802551,
      0.5071942210197449
    ]
  }
}
